"Isolate_ID","Source","Host","Study","Included_in_PCA","Included_in_SNP_tree"
"U154s","Broilers","Gallus gallus","Other isolates","Yes","Yes"
"U2616s","Broilers","Gallus gallus","Other isolates","Yes","Yes"
"6CT.9","Wild Bird","Aquatic birds","Wild bird isolates (this study)","Yes","Yes"
"U2617s","Broilers","Gallus gallus","Other isolates","Yes","Yes"
"1CT0.163","Layers","Gallus gallus","Other isolates","Yes","Yes"
"5CT0.006","Supermarket environment","Environment","Other isolates","Yes","Yes"
"U793s","Broilers","Gallus gallus","Other isolates","Yes","Yes"
"1CT.189","Layers","Gallus gallus","Other isolates","Yes","Yes"
"U2072s","Broilers","Gallus gallus","Other isolates","Yes","Yes"
"1CT0.149","Layers","Gallus gallus","Other isolates","Yes","Yes"
"1CT0.158","Layers","Gallus gallus","Other isolates","Yes","Yes"
"2CT0.109","Pigs","Sus scrofa","Other isolates","Yes","Yes"
"U2618s","Broilers","Gallus gallus","Other isolates","Yes","Yes"
"G12A","Human","Homo sapiens","Other isolates","Yes","Yes"
"G15A","Human","Homo sapiens","Other isolates","Yes","Yes"
"2CT0.117","Pigs","Sus scrofa","Other isolates","Yes","Yes"
"U5290s","Broilers","Gallus gallus","Other isolates","Yes","Yes"
"U744s","Broilers","Gallus gallus","Other isolates","Yes","Yes"
"1CT0.157","Layers","Gallus gallus","Other isolates","Yes","Yes"
"3CT0.019","Supermarket environment","Environment","Other isolates","Yes","Yes"
"6CT.10","Wild Bird","Aquatic birds","Wild bird isolates (this study)","Yes","Yes"
"U2449s","Broilers","Gallus gallus","Other isolates","Yes","Yes"
"4CT0.015","Supermarket environment","Environment","Other isolates","Yes","Yes"
"U2619s","Broilers","Gallus gallus","Other isolates","Yes","Yes"
"1CT0.182","Layers","Gallus gallus","Other isolates","Yes","Yes"
"3CT0.020","Supermarket environment","Environment","Other isolates","Yes","Yes"
"CN-Y-11","Wild Duck","Anas sp.","Other isolates","Yes","Yes"
"6CT0.006","Wild Bird","Aquatic birds","Wild bird isolates (this study)","Yes","Yes"
"6CTO.7","Wild Bird","Aquatic birds","Wild bird isolates (this study)","Yes","Yes"
"2CT.121","Pigs","Sus scrofa","Other isolates","Yes","Yes"
"2CT.123","Pigs","Sus scrofa","Other isolates","Yes","Yes"
"G13A","Human","Homo sapiens","Other isolates","Yes","Yes"
"1CT0.162","Layers","Gallus gallus","Other isolates","Yes","Yes"
"2CT0.081","Pigs","Sus scrofa","Other isolates","Yes","Yes"
"1CT0.180","Layers","Gallus gallus","Other isolates","Yes","Yes"
"U1860s","Broilers","Gallus gallus","Other isolates","Yes","Yes"
"U845s","Broilers","Gallus gallus","Other isolates","Yes","Yes"
"U824s","Broilers","Gallus gallus","Other isolates","Yes","Yes"
"1CT.193","Layers","Gallus gallus","Other isolates","Yes","Yes"
"U2620s","Broilers","Gallus gallus","Other isolates","Yes","Yes"
"1CT.192","Layers","Gallus gallus","Other isolates","Yes","Yes"
"1CT.214","Layers","Gallus gallus","Other isolates","Yes","Yes"
"U2406s","Broilers","Gallus gallus","Other isolates","Yes","Yes"
"U2137s","Broilers","Gallus gallus","Other isolates","Yes","Yes"
"U2106s (b)","Broilers","Gallus gallus","Other isolates","Yes","Yes"
"U792s","Broilers","Gallus gallus","Other isolates","Yes","Yes"
"1CT.210","Layers","Gallus gallus","Other isolates","Yes","Yes"
"U5291s","Broilers","Gallus gallus","Other isolates","Yes","Yes"
"U026s","Broilers","Gallus gallus","Other isolates","Yes","Yes"
"U2491s","Broilers","Gallus gallus","Other isolates","Yes","Yes"
"3CT0.029","Supermarket environment","Environment","Other isolates","Yes","Yes"
"U2615s","Broilers","Gallus gallus","Other isolates","Yes","Yes"
"U732s","Broilers","Gallus gallus","Other isolates","Yes","Yes"
"U5289s","Broilers","Gallus gallus","Other isolates","Yes","Yes"
"U825s","Broilers","Gallus gallus","Other isolates","Yes","Yes"
"2CT0.086","Pigs","Sus scrofa","Other isolates","Yes","Yes"
"U2614s","Broilers","Gallus gallus","Other isolates","Yes","Yes"
"U168s","Broilers","Gallus gallus","Other isolates","Yes","Yes"
"1CT0.118","Layers","Gallus gallus","Other isolates","Yes","Yes"
"U842s","Broilers","Gallus gallus","Other isolates","Yes","Yes"
"2CT0.084","Pigs","Sus scrofa","Other isolates","Yes","Yes"
"G3A","Human","Homo sapiens","Other isolates","Yes","Yes"
"U019s","Broilers","Gallus gallus","Other isolates","Yes","Yes"
"U796s","Broilers","Gallus gallus","Other isolates","Yes","Yes"
"U5288s","Broilers","Gallus gallus","Other isolates","Yes","Yes"
"6CT0.002","Wild Bird","Aquatic birds","Wild bird isolates (this study)","Yes","Yes"
"1CT0.107","Layers","Gallus gallus","Other isolates","Yes","Yes"
"1CT0.128","Layers","Gallus gallus","Other isolates","Yes","Yes"
"FC-Y-11","Wild Duck","Anas sp.","Other isolates","Yes","Yes"
"1CTO.183","Layers","Gallus gallus","Other isolates","Yes","Yes"
"6CT.11","Wild Bird","Aquatic birds","Wild bird isolates (this study)","Yes","Yes"
"1CT.196","Layers","Gallus gallus","Other isolates","Yes","Yes"
"U822s","Broilers","Gallus gallus","Other isolates","Yes","Yes"
"6CT.12","Wild Bird","Aquatic birds","Wild bird isolates (this study)","Yes","Yes"
"2CT0.115","Pigs","Sus scrofa","Other isolates","Yes","Yes"
